"id","Valor"
1,1013.35415986519
2,1457.38131079723
3,1312.14066566885
4,1018.94037551084
5,1145.94049277635
6,650.233359960267
7,1378.70834411209
8,1003.98456376415
9,845.117059598334
10,948.410947154392
11,871.283456871553
12,1386.07987582512
13,875.074031740346
14,1287.65143105712
15,1174.28689004176
16,1041.91373762967
17,650.233359960267
18,650.233359960267
19,712.108683431871
20,650.233359960267
21,1460.11844843843
22,761.815131116061
23,1032.35866511484
24,888.279146434558
25,1610.30314410545
26,740.288882051302
27,650.233359960267
28,1264.78216736148
29,1723.83593018854
30,650.233359960267
31,963.07043000963
32,1032.25615630022
33,650.233359960267
34,1295.70879378034
35,650.233359960267
36,897.518262254612
37,2118.81571162457
38,846.549301684194
39,650.233359960267
40,879.931561818603
41,650.233359960267
42,824.523006357602
43,1402.68820543983
44,650.233359960267
45,1143.24689161057
46,650.233359960267
47,1601.85326602708
48,1647.74963328468
49,792.171070252989
50,1086.4578633154
51,1338.85645122409
52,1154.35003819786
53,650.233359960267
54,1141.14184460275
55,1300.67564753844
56,650.233359960267
57,1072.99443064048
58,1392.73643941531
59,1137.16307044505
60,1297.23508581392
61,1742.66876597089
62,1292.35904557271
63,650.233359960267
64,1885.97611434715
65,2232.42552749825
66,700.49367059943
67,1686.30474274663
68,1845.20179883837
69,1534.88680379917
70,963.839027413832
71,1099.81084711881
72,843.754484915145
73,931.591721336432
74,1157.04660297526
75,650.233359960267
76,1008.7233066817
77,1508.68432116251
78,1315.25226999649
79,650.233359960267
80,1562.49332954161
81,650.233359960267
82,1454.61240597929
83,912.202204121789
84,728.546674327737
85,916.176165872307
86,1063.4233489247
87,650.233359960267
88,1041.42861072101
89,906.793662333586
90,650.233359960267
91,650.233359960267
92,941.073277036895
93,1366.64259908008
94,1349.12898947955
95,1007.83107467472
96,1119.85155142806
97,888.347707909822
98,1274.24544116641
99,650.233359960267
100,1103.24160094016
101,944.811162237438
102,945.935999399114
103,1161.7556741236
104,1487.47982669361
105,650.233359960267
106,650.233359960267
107,974.439473836363
108,650.233359960267
109,1176.97403133365
110,650.233359960267
111,650.233359960267
112,1371.59830657155
113,1310.27360732733
114,1252.10844751345
115,1361.82148033611
116,650.233359960267
117,650.233359960267
118,763.140815448942
119,1512.72707302692
120,650.233359960267
121,859.243376599843
122,650.233359960267
123,1051.47372321331
124,792.96574280616
125,1201.15085758134
126,1194.49500169629
127,650.233359960267
128,877.287480543893
129,1045.08994450369
130,818.975028686256
131,1920.33254205503
132,650.233359960267
133,1498.17047681276
134,1505.12826185743
135,650.233359960267
136,1817.94708831891
137,650.233359960267
138,1125.04472844217
139,2359.74618802097
140,1532.3056963018
141,1296.72380068537
142,900.716937896957
143,1111.3157197313
144,1005.46912939832
145,650.233359960267
146,1510.67322767976
147,1160.6831051926
148,1112.44900815484
149,1160.11631082642
150,650.233359960267
151,1219.98894032562
152,1144.96323972115
153,1398.11355749521
154,1181.23241425519
155,817.865478016659
156,726.500151211733
157,1261.36347065352
158,1493.34217017409
159,1591.16517925218
160,1247.62914573195
161,1174.35866033375
162,1303.76175803293
163,1055.55054355929
164,1478.37334436774
165,650.233359960267
166,901.15152209264
167,650.233359960267
168,817.516134004031
169,1056.03919726604
170,2067.16784568345
171,650.233359960267
172,882.687769064025
173,1787.96925718713
174,650.233359960267
175,1009.52720688762
176,650.233359960267
177,650.233359960267
178,1057.23700580932
179,650.233359960267
180,1303.46497530187
181,1500.05420551742
182,979.154235025408
183,1546.85578617279
184,904.75232604932
185,650.233359960267
186,1603.91431399368
187,1702.76728131907
188,1253.90134976323
189,650.233359960267
190,1447.24182811888
191,650.233359960267
192,1013.8148556849
193,650.233359960267
194,1391.13271054669
195,1755.45732058667
196,1081.40182256038
197,650.233359960267
198,650.233359960267
199,1336.77353217576
200,1155.40972098628
201,731.525555546562
202,984.202224527705
203,1234.11288870447
204,1514.43363223181
205,1278.7173538743
206,929.030881671434
207,650.233359960267
208,650.233359960267
209,1002.63268529771
210,1092.51029056983
211,1820.38530740387
212,1535.35687945458
213,1211.97956256594
214,1184.92841361227
215,918.349942793741
216,1316.09913257724
217,747.717704505892
218,650.233359960267
219,1235.98988182708
220,879.188220788997
221,650.233359960267
222,864.01439288429
223,650.233359960267
224,943.949253800738
225,1677.04802417773
226,996.004748387071
227,1410.91184280924
228,650.233359960267
229,1077.08907934876
230,1162.89447949625
231,650.233359960267
232,871.034081034526
233,1647.83725746973
234,1299.29047626047
235,776.496831791993
236,962.191227963438
237,1513.52137879625
238,796.589844589277
239,650.233359960267
240,1502.72615705173
241,1107.04196131565
242,1585.12544324843
243,650.233359960267
244,1442.86032736618
245,984.303958633526
246,2139.88104299604
247,750.248858419055
248,1089.2970986214
249,1072.26014722013
250,650.233359960267
251,650.233359960267
252,650.233359960267
253,1490.1025674611
254,979.132579626131
255,773.316329958693
256,1136.66711499078
257,650.233359960267
258,650.233359960267
259,650.233359960267
260,1651.82364926525
261,872.27518462323
262,720.629902163132
263,650.233359960267
264,650.233359960267
265,1654.14895532328
266,650.233359960267
267,650.233359960267
268,741.395353745783
269,884.499999226478
270,1786.61523784937
271,801.858915501816
272,1380.47813377664
273,964.107410436789
274,650.233359960267
275,650.233359960267
276,798.902679828186
277,1732.3358563187
278,946.580632008783
279,1116.0517024009
280,855.535607360461
281,650.233359960267
282,1237.04105324245
283,950.816158319617
284,650.233359960267
285,650.233359960267
286,873.501462412847
287,897.763638357744
288,1710.57812948108
289,1444.31165662901
290,650.233359960267
291,650.233359960267
292,1441.98051359676
293,1119.54274555363
294,970.310011096532
295,1501.72470434082
296,650.233359960267
297,725.654119240337
298,883.261724792112
299,1276.82990384964
300,1526.05098384162
301,1296.22683689957
302,1224.43498480544
303,799.017778529454
304,755.875551692406
305,1257.75858389101
306,885.323730642209
307,795.019178723186
308,650.233359960267
309,650.233359960267
310,1631.9851880102
311,904.103070868402
312,791.735657465783
313,650.233359960267
314,650.233359960267
315,1133.89422027446
316,1521.21467491679
317,769.919769889697
318,1258.69997250205
319,1179.61749521706
320,1305.65352007555
321,793.972555074393
322,650.233359960267
323,1584.9574380914
324,650.233359960267
325,1237.31271391083
326,940.904563099901
327,1370.0619087657
328,900.488214779249
329,1109.80898172568
330,1874.32368586629
331,650.233359960267
332,907.240527525592
333,1036.04300246262
334,1347.87506202438
335,1079.59772260028
336,954.320028424761
337,1145.0927272845
338,964.600263687767
339,1297.49293282556
340,1197.22918776288
341,1280.76205299864
342,945.159373546855
343,650.233359960267
344,744.326546756827
345,827.860326763012
346,1227.58478471274
347,1431.82479853455
348,1056.015894879
349,802.744298563199
350,1065.32177777715
351,650.233359960267
352,849.076774122756
353,1405.86068340802
354,1132.52138961635
355,650.233359960267
356,726.372810608322
357,1175.72251032458
358,650.233359960267
359,650.233359960267
360,1531.42894379216
361,888.0579166677
362,650.233359960267
363,1421.51725597089
364,1512.17385841063
365,650.233359960267
366,1033.47011987593
367,939.959871360642
368,650.233359960267
369,650.233359960267
370,1030.11746183893
371,1051.98512311989
372,650.233359960267
373,650.233359960267
374,759.992865916146
375,985.234041483145
376,1532.18310589018
377,1436.70830621872
378,851.726778579541
379,821.051018539273
380,871.056294325007
381,1103.00804240516
382,1223.43309672708
383,1102.19468658044
384,991.941731082814
385,1847.471938782
386,1213.34475987619
387,650.233359960267
388,650.233359960267
389,727.979102994207
390,1068.36828265329
391,1325.55515034586
392,1105.81264359247
393,650.233359960267
394,905.889816209593
395,1030.61671291302
396,1003.54346690859
397,650.233359960267
398,1422.0938842518
399,1124.09381638045
400,826.891256660882
401,1813.44093212173
402,814.143536226534
403,1399.32514472232
404,1605.96097045127
405,1507.1483467733
406,893.003456093978
407,650.233359960267
408,1062.59948511162
409,1127.46051488153
410,1692.90699514462
411,788.406504852126
412,650.233359960267
413,705.398009772002
414,1381.85366662409
415,841.950332956175
416,650.233359960267
417,1852.2615708448
418,847.542905056566
419,1187.44631276316
420,996.479418344058
421,1439.59217008183
422,1206.33797126561
423,1455.61951761752
424,650.233359960267
425,650.233359960267
426,853.93036117429
427,1143.88874394405
428,650.233359960267
429,948.744957038785
430,1155.85887528895
431,650.233359960267
432,650.233359960267
433,1316.38276372171
434,1385.04036019787
435,650.233359960267
436,650.233359960267
437,1047.74015461903
438,1706.11854187007
439,825.929424836837
440,727.743124192728
441,1620.51482635954
442,892.870220515507
443,650.233359960267
444,1600.13924511521
445,1226.77523666786
446,650.233359960267
447,650.233359960267
448,907.656520864714
449,792.29346531073
450,1237.73069793596
451,650.233359960267
452,1136.63110670573
453,650.233359960267
454,1182.32124767848
455,650.233359960267
456,1000.94948899815
457,1609.88110614489
458,1066.18140966001
459,1044.1825467973
460,650.233359960267
461,861.091926708746
462,1354.82851869334
463,650.233359960267
464,1321.02636846478
465,1300.63612517562
466,1046.17892387956
467,650.233359960267
468,947.404895187013
469,860.232721209152
470,920.585743012004
471,860.793889761926
472,910.718218558238
473,1467.88413860025
474,1774.23335077265
475,933.17711221864
476,1064.1601122356
477,650.233359960267
478,1304.77280333505
479,650.233359960267
480,933.381495508336
481,1134.6861508052
482,650.233359960267
483,650.233359960267
484,1137.6559098326
485,1387.12173444115
486,984.474598664951
487,1405.45314499098
488,650.233359960267
489,650.233359960267
490,837.979371328701
491,1420.17576490057
492,650.233359960267
493,793.576893436724
494,1459.05883301116
495,650.233359960267
496,1354.82853800348
497,1311.3747268811
498,650.233359960267
499,650.233359960267
500,1457.11229591087
501,965.463144431745
502,719.325108936304
503,862.510135127764
504,1482.34864777058
505,650.233359960267
506,650.233359960267
507,650.233359960267
508,1181.27876554291
509,1737.90818789218
510,758.622637663652
511,1134.41090799622
512,897.002634890837
513,784.059623141685
514,1154.63942036859
515,1638.42513683739
516,1031.69170566485
517,650.233359960267
518,741.192612253071
519,803.828073071887
520,833.660858879034
521,904.219051664362
522,788.506330036751
523,1439.06983339381
524,931.898017294644
525,997.176344479037
526,1677.73219872261
527,1297.0319740205
528,996.321017196695
529,1807.33908249249
530,650.233359960267
531,992.540949172383
532,1427.53746106241
533,734.555499793299
534,981.318702295433
535,729.467971447829
536,650.233359960267
537,1171.68338722201
538,1004.19220646297
539,1217.4577798756
540,650.233359960267
541,1195.75939283112
542,1126.41010713492
543,899.57831899121
544,1365.55025432695
545,1467.19475264097
546,1317.35442235257
547,1060.8338384756
548,757.015662157044
549,650.233359960267
550,874.58728348844
551,650.233359960267
552,795.385706490673
553,650.233359960267
554,1204.1351941492
555,650.233359960267
556,1471.96826439903
557,1293.80903683787
558,743.793635014432
559,1832.0188218119
560,1207.5641515119
561,1288.00165686435
562,1600.68273844132
563,734.053615620025
564,650.233359960267
565,1383.06606490882
566,799.737867416246
567,880.465333431334
568,1142.04298443988
569,942.373033636945
570,891.696782599439
571,747.763246117372
572,650.233359960267
573,1558.86905476995
574,1893.91737246337
575,1536.21368034568
576,1202.15374233439
577,1379.45082745799
578,1160.4290652366
579,1213.83109983693
580,754.39075046429
581,650.233359960267
582,650.233359960267
583,796.94842300532
584,873.95991176495
585,1081.44880185351
586,1145.85799769242
587,782.439449361938
588,881.950620467871
589,1256.14232744062
590,1118.61970240867
591,1173.54527783401
592,843.438159019688
593,798.245781529502
594,1468.67884188524
595,650.233359960267
596,1121.76023171283
597,957.863601529952
598,650.233359960267
599,778.158301957083
600,650.233359960267
601,1878.72696863855
602,814.715059970277
603,1195.53562423221
604,865.710623672062
605,1070.88423255675
606,1225.41634757937
607,876.688479235767
608,1385.89404647584
609,945.25842837896
610,1058.01503691412
611,725.585480559625
612,1470.75192315761
613,1284.87811771336
614,1426.55023848823
615,749.953401029655
616,650.233359960267
617,845.10804297687
618,1758.64181134029
619,650.233359960267
620,1296.15616408697
621,1170.6322227013
622,1588.84653669891
623,761.435670526156
624,1223.63192296677
625,650.233359960267
626,1768.80351560846
627,799.492622402767
628,1075.51950176533
629,1191.34384523395
630,650.233359960267
631,650.233359960267
632,1380.45498851881
633,2001.42205891515
634,714.942638679482
635,724.109356845536
636,1245.76672193985
637,914.698273247491
638,1264.81512253551
639,1125.63202804606
640,790.724311532473
641,650.233359960267
642,650.233359960267
643,797.746920379874
644,1085.799447688
645,650.233359960267
646,1113.81159093543
647,1834.37281670295
648,650.233359960267
649,777.383356174088
650,650.233359960267
651,1090.53965367653
652,1603.49987367959
653,946.507285221409
654,1252.58636662581
655,1106.11190424687
656,1539.24522783895
657,650.233359960267
658,1066.90603155669
659,650.233359960267
660,1171.73544484796
661,650.233359960267
662,650.233359960267
663,1146.73406183424
664,650.233359960267
665,650.233359960267
666,880.276584786901
667,905.341669572129
668,846.650276334407
669,703.298842824469
670,1463.68408315475
671,737.701310020168
672,1063.18100104221
673,1238.26972532211
674,790.063519750358
675,1560.09460518112
676,877.447950418744
677,837.669378917853
678,1090.76577465299
679,650.233359960267
680,1174.82534559778
681,650.233359960267
682,650.233359960267
683,815.770666978616
684,650.233359960267
685,1359.92982041367
686,781.380172050855
687,650.233359960267
688,650.233359960267
689,996.686013586548
690,883.084779976527
691,650.233359960267
692,857.485115786934
693,650.233359960267
694,741.604711335621
695,650.233359960267
696,650.233359960267
697,893.455017306404
698,1335.70795680261
699,650.233359960267
700,1381.4252615946
701,763.391644330628
702,1185.67398881866
703,650.233359960267
704,1352.74424473836
705,650.233359960267
706,895.493397307224
707,1244.04347165335
708,1168.82467596305
709,650.233359960267
710,1594.2143448433
711,1163.18535641657
712,650.233359960267
713,650.233359960267
714,1830.5194712503
715,1455.6151632097
716,1067.85632827618
717,930.212215222148
718,1333.00830632138
719,732.885761991008
720,1168.79127424933
721,1045.96181007319
722,1407.47645950456
723,650.233359960267
724,898.237778540443
725,1584.81868290399
726,1478.12425260704
727,1580.0765733755
728,1242.32872791666
729,1245.64973983488
730,1168.38148271947
731,1472.89223388784
732,950.52453703768
733,1168.78463828935
734,1349.58517589787
735,992.997598384497
736,650.233359960267
737,1494.85898405605
738,650.233359960267
739,775.002066439226
740,1249.25098856101
741,1071.95105809696
742,650.233359960267
743,769.656285058359
744,994.466312835431
745,650.233359960267
746,948.50172959272
747,917.27705404324
748,1645.47833574829
749,650.233359960267
750,708.933509394842
751,1341.52831748479
752,1442.71793127036
753,650.233359960267
754,962.007183045808
755,650.233359960267
756,808.460265532825
757,942.012609804437
758,1491.03440863886
759,1683.66941276992
760,1479.85488307465
761,1254.52930928282
762,1358.37957796514
763,1057.95901760152
764,1095.08262577048
765,650.233359960267
766,1523.82935629945
767,1063.30133838456
768,1100.84075191019
769,1571.68356732401
770,902.418546583604
771,1170.11545094109
772,1180.92194360149
773,1285.38041433667
774,650.233359960267
775,650.233359960267
776,650.233359960267
777,650.233359960267
778,650.233359960267
779,650.233359960267
780,1227.71116455335
781,650.233359960267
782,650.233359960267
783,999.59377693261
784,1160.16185107599
785,1026.99821303484
786,858.486820026745
787,1026.51187515672
788,1134.91094614657
789,989.799340829226
790,1091.93475759782
791,1225.05360393078
792,1751.39745976086
793,1411.36376984591
794,1141.84372636522
795,1263.13876614309
796,1300.78852513594
797,993.836756503679
798,1229.78374281566
799,650.233359960267
800,1504.54093262822
801,650.233359960267
802,1147.3382980803
803,1376.39407416564
804,650.233359960267
805,794.508309307682
806,761.445053572697
807,2026.77023580393
808,769.548419908532
809,650.233359960267
810,957.542472856964
811,1611.96053875256
812,1389.52166705693
813,1089.36892563866
814,908.433260998249
815,910.58110009633
816,926.728662628905
817,1251.9366839034
818,829.302854996801
819,1584.19911740271
820,1252.73332119791
821,1479.79081598777
822,898.070755634901
823,734.946530520685
824,1080.05539773529
825,650.233359960267
826,1138.43034492097
827,1064.67627613641
828,1298.67409545228
829,1037.64939021892
830,1193.80791989558
831,920.142746030772
832,991.484662392471
833,788.189906960087
834,961.726335011703
835,650.233359960267
836,1136.9566373345
837,1660.84734272252
838,1155.46454629737
839,758.478198535674
840,650.233359960267
841,1230.31697975589
842,1396.78964457002
843,1205.83641882099
844,798.490639936767
845,650.233359960267
846,650.233359960267
847,650.233359960267
848,1098.77938179679
849,650.233359960267
850,785.311419866278
851,650.233359960267
852,849.044413381133
853,976.352946396492
854,1160.57019631114
855,954.568416849356
856,1262.27615207549
857,896.622857557643
858,1571.19649748767
859,1005.34148908475
860,853.778159401399
861,1060.1376593979
862,1725.04931783858
863,1161.75187877317
864,1103.03147906044
865,1448.46918970822
866,1018.29795870595
867,1592.88594063852
868,650.233359960267
869,706.015659620407
870,1235.46728970793
871,782.750428512197
872,650.233359960267
873,1399.02462428732
874,1086.8045790053
875,987.726535848277
876,650.233359960267
877,1291.20721198339
878,1490.16978143584
879,1397.90272340699
880,650.233359960267
881,1098.42773531308
882,1008.13246479403
883,1067.46883231064
884,863.50354845491
885,1117.28682638606
886,1754.64386204357
887,1358.09821651536
888,1242.31337475765
889,802.157368061071
890,1533.76991529776
891,1604.14037266521
892,1603.7607084836
893,1233.6473327609
894,962.047797551897
895,650.233359960267
896,650.233359960267
897,876.767269364852
898,1167.68002663948
899,1090.75552691043
900,866.340543565648
901,767.826575282129
902,1011.39984203737
903,884.737153737214
904,839.389769590634
905,903.70218931211
906,1230.50232832869
907,1152.59592143676
908,864.157913569803
909,1241.37004130702
910,1548.96723694798
911,970.012117556432
912,1585.51956414779
913,1310.92112321305
914,775.423506712584
915,1300.46504519303
916,1203.04076520592
917,774.038016742711
918,748.463452332981
919,2255.40251408876
920,1310.5760180878
921,650.233359960267
922,1674.20536045322
923,1560.71625131569
924,650.233359960267
925,1181.04488497348
926,650.233359960267
927,1310.82395041226
928,847.589869364475
929,650.233359960267
930,650.233359960267
931,1083.9444015707
932,786.729959672128
933,955.597908360993
934,650.233359960267
935,1160.07613152223
936,1068.18692147099
937,1831.81813792933
938,650.233359960267
939,1591.26389839353
940,650.233359960267
941,827.955226784705
942,904.194492626173
943,650.233359960267
944,650.233359960267
945,1327.57340808144
946,981.990130663329
947,994.225540875546
948,1046.34781161334
949,1447.10069579595
950,1176.78146554222
951,1016.13706241258
952,866.229906677953
953,874.519636392015
954,650.233359960267
955,828.637910235934
956,1151.399930245
957,650.233359960267
958,936.404771457419
959,1026.79343239398
960,1275.96083994996
961,1205.44707722441
962,650.233359960267
963,1316.70628278618
964,1291.63286662342
965,1554.48283410766
966,1322.25780579146
967,1158.76587311009
968,989.585540070708
969,959.192996898202
970,1390.20968221304
971,987.024026710611
972,650.233359960267
973,1118.08897338765
974,928.151519691489
975,961.105525607957
976,1511.6444627458
977,1251.00961786102
978,1313.09061127166
979,1348.15613262071
980,650.233359960267
981,1421.37827260005
982,650.233359960267
983,1025.82134767103
984,840.594523654158
985,1192.06978792628
986,889.533292755203
987,650.233359960267
988,650.233359960267
989,1144.49647098297
990,826.748050436199
991,1229.11974159351
992,1139.7123608428
993,1057.41678041885
994,650.233359960267
995,788.08844510098
996,1505.30683870684
997,1340.19141391516
998,1120.10088137314
999,852.651366252737
1000,1551.01319673583
1001,1145.88791676308
1002,1496.43702854075
1003,1645.26407533617
1004,650.233359960267
1005,1107.11380097212
1006,748.903961967654
1007,1710.71401718294
1008,1125.9749016471
1009,1293.46739414721
1010,1107.44542660094
1011,1863.19566849799
1012,1303.04426857143
1013,1272.50229790641
1014,650.233359960267
1015,796.601942290468
1016,878.568979535869
1017,1018.05874784465
1018,714.246359057359
1019,650.233359960267
1020,1328.00819416173
1021,926.709800663017
1022,1438.51331879313
1023,1148.78959613657
1024,1100.41919989701
1025,1015.49479899733
1026,726.843254363926
1027,1162.96207373784
1028,732.966607017679
1029,979.999458650442
1030,650.233359960267
1031,650.233359960267
1032,884.530850253292
1033,650.233359960267
1034,1180.90684536676
1035,1891.43371207939
1036,650.233359960267
1037,1311.19173629958
1038,736.998937612309
1039,1031.25517032671
1040,1857.62456036165
1041,863.170773874949
1042,1822.21611654001
1043,1530.7232985035
1044,1195.3953347939
1045,650.233359960267
1046,1030.16500248882
1047,650.233359960267
1048,1116.2536755016
1049,1655.85947209498
1050,705.473812929777
1051,650.233359960267
1052,1140.9176702695
1053,721.043126895686
1054,923.123775857698
1055,650.233359960267
1056,1037.62337446277
1057,1307.29552856033
1058,1208.33500252897
1059,1508.40755868955
1060,650.233359960267
1061,650.233359960267
1062,1879.33675043119
1063,650.233359960267
1064,920.744036224758
1065,1179.00333228923
1066,1498.24846499578
1067,1240.64649217403
1068,2183.59873983816
1069,1689.61735458754
1070,900.714137205027
1071,650.233359960267
1072,650.233359960267
1073,776.541982871593
1074,985.235697664499
1075,1339.44890086445
1076,650.233359960267
1077,965.938377279593
1078,824.095466847032
1079,875.304260901076
1080,1311.97386636465
1081,731.123378483527
1082,710.69824175453
1083,650.233359960267
1084,1674.57063919845
1085,1338.7277624637
1086,1218.27462913049
1087,884.489346879301
1088,1489.44437033933
1089,1057.75473149574
1090,650.233359960267
1091,1165.14720471428
1092,1382.52916802607
1093,768.24114675392
1094,1618.31658475465
1095,770.733005675659
1096,1384.95786439901
1097,1831.23061240005
1098,739.469165011453
1099,650.233359960267
1100,793.540343678822
1101,1356.90072824313
1102,1811.19964789241
1103,650.233359960267
1104,963.614258187351
1105,1166.99612299071
1106,650.233359960267
1107,1006.47095144265
1108,1817.45310915352
1109,1449.46292326346
1110,1174.59580953753
1111,749.936881862748
1112,1068.91017129041
1113,987.844531754477
1114,1526.3588223916
1115,1084.90438998001
1116,933.948455760349
1117,1064.15335372498
1118,1217.27814308208
1119,939.192749865615
1120,650.233359960267
1121,1570.9547924375
1122,1088.006891603
1123,945.161904135991
1124,1584.35964490707
1125,650.233359960267
1126,1280.79907014669
1127,737.46870953726
1128,650.233359960267
1129,990.762943919863
1130,1521.59522855936
1131,650.233359960267
1132,815.745969117808
1133,650.233359960267
1134,837.250045484345
1135,650.233359960267
1136,884.523063741922
1137,650.233359960267
1138,650.233359960267
1139,650.233359960267
1140,1924.53933509981
1141,1538.29065889072
1142,650.233359960267
1143,650.233359960267
1144,1132.55857464034
1145,650.233359960267
1146,1115.31575280329
1147,1089.59542110907
1148,1643.29605473114
1149,650.233359960267
1150,1070.12504553001
1151,839.972776931474
1152,1297.2256418072
1153,650.233359960267
1154,1053.86457728417
1155,1067.17495123592
1156,717.020455361407
1157,1284.74118290579
1158,1813.85637851684
1159,1540.80047212042
1160,764.786517174608
1161,1764.12586097444
1162,1260.30169078149
1163,794.461906681657
1164,1205.39806365583
1165,650.233359960267
1166,1162.42826091237
1167,733.516891894213
1168,1709.18440307252
1169,650.233359960267
1170,1092.35921253182
1171,1720.88160447197
1172,1426.34245181477
1173,805.853498142887
1174,1288.0742573403
1175,650.233359960267
1176,1121.89195111458
1177,1551.53094465681
1178,991.25777938549
1179,870.703142278799
1180,1702.19825074372
1181,947.67136090818
1182,1110.15630772835
1183,850.323251670245
1184,835.765054727891
1185,1096.58287336493
1186,1356.77279263257
1187,1436.36261160632
1188,1272.08960047325
1189,839.953639024324
1190,894.690118383304
1191,650.233359960267
1192,730.022942955944
1193,1036.67597000708
1194,1106.19169143096
1195,650.233359960267
1196,1212.90104490025
1197,1286.23275811248
1198,1214.95295821191
1199,1976.24923702418
1200,861.661861457356
1201,1057.93233714534
1202,1441.5838749033
1203,1346.82095258537
1204,958.238455902123
1205,792.436456520549
1206,650.233359960267
1207,1041.92991954063
1208,1045.53835718168
1209,1632.65089991989
1210,650.233359960267
1211,1153.91815947156
1212,1434.91612326403
1213,1352.48812255345
1214,1448.73773153525
1215,1221.39087820458
1216,1320.84547639954
1217,1548.50059077314
1218,1801.66833468758
1219,650.233359960267
1220,1478.25749909435
1221,809.179227205343
1222,973.013304753002
1223,1145.31062463341
1224,1221.42322940241
1225,1672.99578606153
1226,1706.3456732656
1227,1123.71748052465
1228,893.287578966246
1229,716.646062786365
1230,650.233359960267
1231,1112.44490607548
1232,852.032053724706
1233,650.233359960267
1234,1546.11356642472
1235,650.233359960267
1236,1444.49358623407
1237,1083.46829688581
1238,1196.58458872455
1239,650.233359960267
1240,1003.51918045519
1241,1445.57947636876
1242,1158.07319049251
1243,1313.32196994604
1244,650.233359960267
1245,650.233359960267
1246,1088.74116509801
1247,1208.26933323569
1248,909.307163078467
1249,1129.54563355897
1250,710.028750475727
1251,650.233359960267
1252,1127.98151194257
1253,650.233359960267
1254,1318.15717146603
1255,741.106979265597
1256,650.233359960267
1257,1071.86878033534
1258,650.233359960267
1259,1131.57695080505
1260,953.112116857166
1261,650.233359960267
1262,1110.47302930002
1263,942.449376899298
1264,1792.82178388943
1265,1024.42271880382
1266,1095.47776054696
1267,756.400223120088
1268,650.233359960267
1269,650.233359960267
1270,1961.88980017728
1271,650.233359960267
1272,650.233359960267
1273,1421.32221370545
1274,1158.40572720539
1275,868.772159404441
1276,1616.71426472582
1277,650.233359960267
1278,650.233359960267
1279,1049.91384955106
1280,1328.38713757892
1281,1519.22888477761
1282,794.164240408196
1283,841.868426653858
1284,650.233359960267
1285,1174.14738745592
1286,1654.69229453584
1287,1033.05271451115
1288,1021.74789256415
1289,650.233359960267
1290,650.233359960267
1291,1620.06032682421
1292,889.695401903896
1293,984.743726637756
1294,1413.36811393546
1295,1243.81934310632
1296,1000.88646735845
1297,1643.0163484183
1298,650.233359960267
1299,813.177400846979
1300,650.233359960267
1301,650.233359960267
1302,1065.22563987283
1303,1693.603337083
1304,1448.44817401476
1305,1069.98076162827
1306,911.132677398865
1307,982.098272541928
1308,650.233359960267
1309,650.233359960267
1310,650.233359960267
1311,650.233359960267
1312,1070.42362126865
1313,1375.88061691812
1314,1061.1980409683
1315,1292.07939983454
1316,650.233359960267
1317,1894.55543412509
1318,1417.74026941294
1319,650.233359960267
1320,745.395717253651
1321,650.233359960267
1322,1366.2311184268
1323,650.233359960267
1324,709.579894111216
1325,650.233359960267
1326,650.233359960267
1327,888.214051983004
1328,1039.63771800383
1329,819.301587852694
1330,650.233359960267
1331,650.233359960267
1332,650.233359960267
1333,1443.65655040411
1334,838.310224342882
1335,650.233359960267
1336,896.420896838688
1337,1160.15550124171
1338,1420.17601332223
1339,650.233359960267
1340,650.233359960267
1341,769.362818977444
1342,1068.9585547208
1343,650.233359960267
1344,768.877814565309
1345,722.896203491213
1346,650.233359960267
1347,650.233359960267
1348,1527.06633035209
1349,787.253452065549
1350,1487.63830471021
1351,1354.99827142593
1352,930.909502610545
1353,1104.24480169683
1354,650.233359960267
1355,1177.0128633034
1356,650.233359960267
1357,650.233359960267
1358,763.898694492369
1359,1059.1117809597
1360,650.233359960267
1361,1164.79948163883
1362,650.233359960267
1363,877.059002455912
1364,1140.67226881134
1365,1579.45443740911
1366,1237.04301734505
1367,1241.14358903992
1368,650.233359960267
1369,881.937760210302
1370,1276.65238558575
1371,1030.09619369182
1372,650.233359960267
1373,650.233359960267
1374,1356.62530258301
1375,1427.74137166419
1376,650.233359960267
1377,1272.55283177963
1378,650.233359960267
1379,934.115493516478
1380,650.233359960267
1381,650.233359960267
1382,1750.22651064754
1383,819.722072531253
1384,1005.31252791034
1385,650.233359960267
1386,650.233359960267
1387,650.233359960267
1388,650.233359960267
1389,1378.32280458171
1390,650.233359960267
1391,1055.14805372324
1392,999.224142039898
1393,1094.20036835159
1394,650.233359960267
1395,1107.28400433552
1396,930.974456801582
1397,1278.32208937224
1398,1101.67208896377
1399,650.233359960267
1400,650.233359960267
1401,1064.97098054568
1402,1289.77715580284
1403,853.722622137185
1404,650.233359960267
1405,1195.98073629039
1406,1743.02867417921
1407,1007.89222036366
1408,952.106231253208
1409,1403.03549849045
1410,650.233359960267
1411,1215.12100957719
1412,1022.25438731807
1413,1206.60804852758
1414,1015.41003207502
1415,1028.0490916611
1416,1282.26087780616
1417,713.420391331233
1418,1555.94319798035
1419,903.757049181118
1420,1167.01427937446
1421,1306.21618095659
1422,650.233359960267
1423,1034.3624391026
1424,1162.63943018463
1425,1389.63069930876
1426,1067.52085917296
1427,1206.74514305047
1428,811.249158634608
1429,738.923149687142
1430,650.233359960267
1431,933.662467740086
1432,1213.68781749158
1433,650.233359960267
1434,650.233359960267
1435,1475.99033305056
1436,650.233359960267
1437,926.961153723605
1438,650.233359960267
1439,974.477175220158
1440,1434.825897732
1441,1547.63502276842
1442,1187.34299091061
1443,899.07912110149
1444,650.233359960267
1445,861.917009140848
1446,1426.88170178878
1447,650.233359960267
1448,1072.20083192473
1449,1776.30578897644
1450,1016.82829069136
1451,1776.75927171065
1452,1167.13648964393
1453,1028.0034910376
1454,1359.89256293599
1455,1875.10464247032
1456,716.128716560475
1457,736.69092604626
1458,886.346757703593
1459,949.253723969612
1460,873.750885561534
1461,650.233359960267
1462,868.845916813374
1463,768.544021188786
1464,1067.25697026515
1465,837.848690426059
1466,650.233359960267
1467,713.258069048706
1468,912.251289719928
1469,650.233359960267
1470,979.084886226762
1471,1130.6753606526
1472,1292.31676950907
1473,1380.04448471784
1474,942.375340470283
1475,650.233359960267
1476,973.616517021475
1477,863.788347064714
1478,1555.34178905649
1479,650.233359960267
1480,1175.58925555839
1481,1098.78087512906
1482,1358.21361690987
1483,650.233359960267
1484,1339.66326808941
1485,1345.30142124935
1486,650.233359960267
1487,1233.23420553532
1488,1235.59984780812
1489,929.965255978596
1490,1479.00243335168
1491,650.233359960267
1492,1413.83669868344
1493,1005.6181723921
1494,1261.43724945518
1495,953.945641784916
1496,1298.6373818825
1497,729.072884238436
1498,910.77545772324
1499,819.012698997647
1500,835.578107855158
1501,650.233359960267
1502,1143.25903119533
1503,760.18457789704
1504,650.233359960267
1505,650.233359960267
1506,1086.00285469244
1507,1616.35860314669
1508,650.233359960267
1509,1100.34899746239
1510,650.233359960267
1511,1799.49113518649
1512,1314.98864370281
1513,951.645782313754
1514,1182.35722119179
1515,1020.86208853105
1516,898.017609216274
1517,1394.95662776208
1518,1224.98256512741
1519,893.560974063567
1520,1418.32626807816
1521,1590.32840031187
1522,1365.31519374063
1523,1370.77099509909
1524,925.069400018584
1525,1250.50537420396
1526,1284.11987413026
1527,1515.43945527475
1528,804.146409765339
1529,1387.487946964
1530,1279.45317388078
1531,1417.34660243704
1532,650.233359960267
1533,1176.97967695148
1534,650.233359960267
1535,650.233359960267
1536,1294.93068850989
1537,650.233359960267
1538,1362.077878784
1539,1040.7439693816
1540,650.233359960267
1541,886.515159947439
1542,1202.20603726387
1543,650.233359960267
1544,1241.55508022459
1545,1124.4370304657
1546,780.124821313957
1547,794.55396498193
1548,972.965129640408
1549,898.333212235615
1550,944.563427710357
1551,650.233359960267
1552,650.233359960267
1553,1201.05424100012
1554,1023.92720689962
1555,650.233359960267
1556,650.233359960267
1557,1333.05846282193
1558,1372.40209959071
1559,650.233359960267
1560,1399.35192547081
1561,905.607484168955
1562,751.881138180418
1563,1108.18212602752
1564,898.963995090779
1565,650.233359960267
1566,858.52807802445
1567,1491.95098828098
1568,650.233359960267
1569,1262.60947827573
1570,744.880710447079
1571,879.845730478551
1572,650.233359960267
1573,852.688197153173
1574,969.413627140213
1575,1930.06272331996
1576,1169.77052296301
1577,857.085402336271
1578,1048.97378004581
1579,765.310980357547
1580,1201.74693598558
1581,650.233359960267
1582,1831.59597707126
1583,1615.57606339072
1584,1055.62946823172
1585,1381.9513299187
1586,1301.758726514
1587,1167.94109952918
1588,755.659478435873
1589,2000.49871099787
1590,1011.86393099305
1591,743.737765722245
1592,840.596396309974
1593,1360.65606560481
1594,836.530693398799
1595,1450.18108856368
1596,1056.30626006454
1597,731.832069753157
1598,1236.5088813573
1599,952.714237026344
1600,1268.72986015326
1601,650.233359960267
1602,1340.13992527524
1603,1086.18794936081
1604,1014.69770142108
1605,1130.07608930723
1606,650.233359960267
1607,1041.05062190971
1608,1080.94665109344
1609,1301.76030522249
1610,650.233359960267
1611,1610.51907173352
1612,948.585806962269
1613,988.894677867364
1614,1651.49664963114
1615,1027.01659235613
1616,829.549003387643
1617,880.6750741233
1618,1401.9928471205
1619,980.292536987791
1620,650.233359960267
1621,844.620201553499
1622,1117.05030720145
1623,1065.27354776333
1624,650.233359960267
1625,1147.19136128526
1626,1380.18946294673
1627,1832.43745598243
1628,650.233359960267
1629,1317.90393185772
1630,650.233359960267
1631,650.233359960267
1632,1075.64429881306
1633,876.669495205133
1634,1204.88158448136
1635,1366.87145095868
1636,757.790112864102
1637,989.015569418542
1638,806.835669171856
1639,1066.86599820979
1640,898.999712184571
1641,650.233359960267
1642,650.233359960267
1643,1281.14492188716
1644,650.233359960267
1645,650.233359960267
1646,650.233359960267
1647,1198.69626439922
1648,650.233359960267
1649,1293.43496380939
1650,1158.98218529411
1651,1050.13320160282
1652,650.233359960267
1653,1308.85257333727
1654,1602.75044752868
1655,716.670404142995
1656,906.147198399918
1657,1024.0668895596
1658,841.556945612001
1659,987.027114962785
1660,873.560686256187
1661,650.233359960267
1662,1064.10692024747
1663,1332.86527698492
1664,718.214279804563
1665,1473.58284902278
1666,1202.63426991169
1667,1252.75125455923
1668,650.233359960267
1669,1436.36405682321
1670,956.958000770798
1671,650.233359960267
1672,1252.71935701607
1673,1222.52411178959
1674,1094.15369240275
1675,816.652239162903
1676,650.233359960267
1677,902.884596760388
1678,1624.29242208859
1679,1237.98139564763
1680,1174.56816838064
1681,1274.93562697726
1682,1128.31935811571
1683,802.835193082336
1684,650.233359960267
1685,827.358684328732
1686,1080.04866204807
1687,1044.74702663906
1688,1538.78757427508
1689,650.233359960267
1690,729.470958739051
1691,707.577132052709
1692,650.233359960267
1693,1252.14600887741
1694,650.233359960267
1695,741.653109461289
1696,650.233359960267
1697,1285.50545260123
1698,650.233359960267
1699,650.233359960267
1700,886.472727732511
1701,990.83768629363
1702,1147.77832530389
1703,650.233359960267
1704,1942.77851113022
1705,1258.68463832141
1706,650.233359960267
1707,736.509253895535
1708,650.233359960267
1709,1589.23580784224
1710,905.346972330745
1711,885.273960354025
1712,650.233359960267
1713,650.233359960267
1714,763.621460154303
1715,1420.37674253781
1716,1013.76662833958
1717,1546.87412417177
1718,1126.43087563646
1719,650.233359960267
1720,882.145692302448
1721,650.233359960267
1722,1341.39046527579
1723,1788.87868938019
1724,650.233359960267
1725,830.109743439665
1726,1454.95747751379
1727,811.443362708277
1728,650.233359960267
1729,650.233359960267
1730,1201.36053049375
1731,1312.45171867887
1732,731.922213530965
1733,1518.60847881628
1734,650.233359960267
1735,1134.39884849802
1736,972.136268330595
1737,764.881064412092
1738,1428.56127422056
1739,1365.55897423703
1740,753.273909809826
1741,888.756715271882
1742,1388.13713944934
1743,898.6312352047
1744,650.233359960267
1745,650.233359960267
1746,1078.79694205716
1747,1114.45754678915
1748,974.043765887515
1749,1441.38712781155
1750,1328.09395745656
1751,1419.99590933414
1752,1074.53220087303
1753,1116.21806062268
1754,1205.30474010552
1755,1190.24993350663
1756,650.233359960267
1757,1077.74408867165
1758,1233.29480192701
1759,1551.47462452048
1760,650.233359960267
1761,1344.0500144324
1762,1573.48599385871
1763,1766.06808676012
1764,1194.18669253451
1765,650.233359960267
1766,1154.67499394678
1767,835.202531624695
1768,1356.39900330941
1769,922.080349225904
1770,650.233359960267
1771,1376.81364802359
1772,1581.58047976286
1773,1119.6779792326
1774,1756.57008242159
1775,1336.97054771094
1776,1450.58994079456
1777,1497.53715304338
1778,1330.3375279488
1779,1554.36573419466
1780,650.233359960267
1781,1419.77778086976
1782,1340.87327823297
1783,1419.11151375725
1784,650.233359960267
1785,1659.43835954352
1786,1043.57813193438
1787,650.233359960267
1788,917.146343098663
1789,739.026306737988
1790,650.233359960267
1791,650.233359960267
1792,720.435552614533
1793,1767.65958351054
1794,861.166236206412
1795,650.233359960267
1796,897.03676356306
1797,2062.66825080258
1798,1381.9498563373
1799,1559.55969973483
1800,650.233359960267
1801,650.233359960267
1802,1300.58696304389
1803,1055.58063032237
1804,1447.67444885427
1805,1080.57232826666
1806,992.282962019499
1807,1168.62804763727
1808,650.233359960267
1809,1031.12347393618
1810,1087.07167051184
1811,650.233359960267
1812,1138.01805730487
1813,650.233359960267
1814,650.233359960267
1815,978.691771295115
1816,800.239850279811
1817,918.576307061046
1818,1060.35079354388
1819,1361.8811279483
1820,822.923895046288
1821,851.481091693312
1822,1443.22828236686
1823,1154.63258580012
1824,1851.85733894935
1825,1382.32049102968
1826,1288.87339881747
1827,650.233359960267
1828,955.902565715461
1829,840.002566911849
1830,1298.46761754601
1831,1098.71606873852
1832,1579.62073627588
1833,1626.03782799908
1834,1558.39517491142
1835,804.553763706297
1836,724.719676194744
1837,1757.31133081436
1838,1811.62867564544
1839,1243.25823979436
1840,650.233359960267
1841,794.520779198131
1842,969.638572643396
1843,838.320921746789
1844,716.575874439308
1845,773.84379415865
1846,1291.41071423599
1847,1429.03090433525
1848,1266.50413183011
1849,650.233359960267
1850,1104.99675036893
1851,1868.56971611773
1852,650.233359960267
1853,1372.55205788931
1854,1306.84178020542
1855,849.001762233242
1856,650.233359960267
1857,650.233359960267
1858,817.972319866771
1859,976.01877670972
1860,1956.51639556177
1861,725.054289674834
1862,806.945309225732
1863,650.233359960267
1864,1115.1087949493
1865,1149.11171514416
1866,842.970507254782
1867,982.877617702042
1868,1012.89438194214
1869,650.233359960267
1870,650.233359960267
1871,1015.11305206764
1872,932.556254555226
1873,1322.4975017726
1874,1670.10423970073
1875,950.674269093731
1876,650.233359960267
1877,1002.59396484437
1878,788.890818179996
1879,706.866499640137
1880,650.233359960267
1881,808.3517925579
1882,1059.74680958909
1883,958.377182922663
1884,650.233359960267
1885,1948.40060384299
1886,1618.38491736452
1887,650.233359960267
1888,1218.06916930527
1889,650.233359960267
1890,1145.62472859656
1891,1235.8967176732
1892,1588.01511182089
1893,1442.51063852419
1894,650.233359960267
1895,1702.43773380878
1896,786.250392546826
1897,1427.66528838413
1898,650.233359960267
1899,1061.63548064642
1900,1032.42120545655
1901,650.233359960267
1902,1427.95818448246
1903,1475.08289495325
1904,702.932095936993
1905,874.011045428178
1906,1326.6889136685
1907,1419.53701505755
1908,1120.46843299611
1909,718.239570755122
1910,1000.25205642998
1911,1126.23665810647
1912,888.971379449591
1913,1428.38887215482
1914,1003.07302416119
1915,1383.94187326373
1916,1705.4096837999
1917,1374.51812747006
1918,912.333841474151
1919,1421.15680632444
1920,1113.2444593998
1921,819.745637171849
1922,650.233359960267
1923,1149.31086157322
1924,1066.80399968551
1925,650.233359960267
1926,650.233359960267
1927,650.233359960267
1928,1268.84833045614
1929,838.434375905344
1930,710.59171232503
1931,893.089508906451
1932,1269.54938182607
1933,1596.28584427871
1934,650.233359960267
1935,1329.35890735247
1936,650.233359960267
1937,717.952617708295
1938,957.180865590492
1939,1718.8435077893
1940,1054.22598298439
1941,1216.55958652405
1942,1293.46267608637
1943,966.892524188537
1944,1436.84246765779
1945,1008.80249818042
1946,1490.44644633554
1947,1125.86368595518
1948,650.233359960267
1949,650.233359960267
1950,823.607524523836
1951,941.37339717575
1952,1016.2348593288
1953,1227.23563098476
1954,1042.3591706395
1955,650.233359960267
1956,1387.7612006894
1957,1391.90685030561
1958,1335.29602207904
1959,766.783108363797
1960,1040.20847783879
1961,650.233359960267
1962,1318.11384385373
1963,1499.34355529533
1964,650.233359960267
1965,1107.11605936755
1966,650.233359960267
1967,1543.69265387239
1968,838.229362923888
1969,1066.65527010603
1970,650.233359960267
1971,650.233359960267
1972,776.328626601231
1973,650.233359960267
1974,817.881293390137
1975,1732.2539830639
1976,650.233359960267
1977,1649.63608143636
1978,704.4200608735
1979,834.928218041124
1980,1006.49661026666
1981,1346.25600897281
1982,650.233359960267
1983,650.233359960267
1984,1266.05169626972
1985,1372.10358661782
1986,1366.41138531354
1987,737.343823597195
1988,650.233359960267
1989,993.858699416077
1990,817.877646547044
1991,650.233359960267
1992,747.561685819849
1993,1192.68613502647
1994,724.115048997712
1995,756.239575104776
1996,835.547458654908
1997,1363.05303087921
1998,1103.68127269878
1999,816.940360947364
2000,650.233359960267
2001,1494.71268439851
2002,822.80972142117
2003,868.740009107388
2004,1431.35252865174
2005,734.624767715203
2006,1672.3052505167
2007,650.233359960267
2008,1761.64659983377
2009,650.233359960267
2010,1492.15838096046
2011,1178.02653765265
2012,650.233359960267
2013,1291.98651134625
2014,1092.76610593653
2015,650.233359960267
2016,1097.3593466509
2017,903.238196572646
2018,1470.19084171919
2019,650.233359960267
2020,650.233359960267
2021,1177.20694129245
2022,1152.13208637483
2023,1638.72840256755
2024,650.233359960267
2025,1006.42356347061
2026,1738.83777305932
2027,1396.69902896624
2028,1305.37694756583
2029,1203.85386483613
2030,1016.90047549383
2031,650.233359960267
2032,1044.44021330034
2033,886.483529945677
2034,650.233359960267
2035,1433.66715793778
2036,824.284703570426
2037,650.233359960267
2038,650.233359960267
2039,1250.25288311528
2040,860.678481088855
2041,1459.09996640613
2042,2142.71835086193
2043,894.581179861141
2044,1747.26092501017
2045,650.233359960267
2046,1420.1678751822
2047,650.233359960267
2048,650.233359960267
2049,1248.97031034766
2050,1258.48653991605
2051,1810.3353155878
2052,1313.41430607192
2053,745.061012034094
2054,1137.05983543957
2055,1301.84588427708
2056,1180.99973672668
2057,963.660350924872
2058,1997.19792919509
2059,1685.55207352466
2060,877.719084570989
2061,650.233359960267
2062,1054.06205327039
2063,1189.57591774994
2064,1824.87653265184
2065,863.289419182205
2066,1021.9738348248
2067,1009.18605890408
2068,1258.52273475137
2069,1059.00871912406
2070,1227.44425485138
2071,865.47095264417
2072,1055.11043376994
2073,1735.83261198425
2074,1239.90352651007
2075,650.233359960267
2076,1266.1829631651
2077,2161.79333461504
2078,650.233359960267
2079,1536.1682580252
2080,782.132937627813
2081,1385.52522636665
2082,1441.1310762706
2083,650.233359960267
2084,650.233359960267
2085,900.928989985707
2086,751.243152029344
2087,1448.53394834398
2088,923.409212481507
2089,650.233359960267
2090,943.558034656433
2091,1014.07921377706
2092,1238.42963532721
2093,650.233359960267
2094,1036.10929430262
2095,1991.84936530923
2096,1547.13111774915
2097,650.233359960267
2098,839.055830241085
2099,1121.46415300242
2100,650.233359960267
2101,1319.78132035616
2102,828.563487271657
2103,650.233359960267
2104,1315.0382659902
2105,745.77149030993
2106,818.749532006484
2107,1519.26328406483
2108,1082.95373103744
2109,1271.20039212528
2110,1278.44290363158
2111,856.891173152462
2112,981.908502131978
2113,771.117470405442
2114,859.141224817638
2115,1418.10600994839
2116,1370.42199061083
2117,1519.88763154093
2118,898.187310326215
2119,957.624000660338
2120,650.233359960267
2121,1052.58858198349
2122,1295.79311813311
2123,1272.08751072066
2124,748.600050357051
2125,1628.95609042365
2126,650.233359960267
2127,650.233359960267
2128,711.282281502807
2129,921.027611352111
2130,650.233359960267
2131,650.233359960267
2132,1385.62401214948
2133,945.837447388908
2134,650.233359960267
2135,780.601380125981
2136,1009.64752912006
2137,1042.58380745883
2138,650.233359960267
2139,773.575924701584
2140,650.233359960267
2141,799.718706833879
2142,1602.59254756441
2143,1165.67304027478
2144,1098.93788630355
2145,1598.9067139994
2146,1003.12316674361
2147,1144.61106418993
2148,1219.15335066467
2149,1153.89043473588
2150,968.467941179311
2151,729.275316130473
2152,1298.31327225385
2153,1335.60702760099
2154,1069.9979434754
2155,762.035866577514
2156,738.253154501578
2157,650.233359960267
2158,1392.2186017753
2159,650.233359960267
2160,1725.88987332116
2161,650.233359960267
2162,1104.750445991
2163,650.233359960267
2164,854.78673526855
2165,1816.19229123847
2166,650.233359960267
2167,650.233359960267
2168,1182.96564431597
2169,650.233359960267
2170,650.233359960267
2171,718.06930907967
2172,1683.35246932947
2173,819.360454335508
2174,822.484722113416
2175,1380.38732670254
2176,650.233359960267
2177,909.131092968444
2178,650.233359960267
2179,874.398311338205
2180,1024.55912535514
2181,1400.38160200313
2182,1032.09487402861
2183,1488.80858179659
2184,831.363853875128
2185,650.233359960267
2186,650.233359960267
2187,931.153682984854
2188,650.233359960267
2189,1094.34081079801
2190,1425.02564158392
2191,1419.38703526027
2192,1531.51629097547
2193,1326.4180450885
2194,1383.88877468608
2195,1477.45897887017
2196,1998.08885207792
2197,1055.62155241715
2198,1487.02143313036
2199,719.312644011357
2200,760.244328023959
2201,650.233359960267
2202,650.233359960267
2203,759.969923146634
2204,1249.92050619154
2205,1030.62992629256
2206,745.886538294399
2207,860.906692028178
2208,907.29733878812
2209,775.537601084635
2210,650.233359960267
2211,650.233359960267
2212,650.233359960267
2213,899.460841508784
2214,760.025845580405
2215,981.549337763278
2216,650.233359960267
2217,650.233359960267
2218,1620.25661636346
2219,964.126360795815
2220,1452.49399248299
2221,1278.49288038324
2222,1272.02023278834
2223,650.233359960267
2224,650.233359960267
2225,650.233359960267
2226,650.233359960267
2227,1145.19311673708
2228,1617.48273258316
2229,790.928083542105
2230,650.233359960267
2231,1442.07870200248
2232,957.37335659506
2233,650.233359960267
2234,1141.74159724081
2235,1223.47060513178
2236,650.233359960267
2237,1559.48504705714
2238,650.233359960267
2239,731.732392788442
2240,650.233359960267
2241,1080.72812514841
2242,779.007916530624
2243,1098.96332317424
2244,1121.57518969061
2245,1298.28785709019
2246,963.795492723176
2247,650.233359960267
2248,650.233359960267
2249,730.001120070736
2250,1031.39387131823
2251,1006.07438313086
2252,1087.37666867202
2253,1568.65721620877
2254,650.233359960267
2255,1148.96648026009
2256,1313.51945917405
2257,956.382943760087
2258,1447.51911402331
2259,781.834512638164
2260,650.233359960267
2261,1033.43172219373
2262,879.712711998546
2263,650.233359960267
2264,726.803100368689
2265,1062.38154328338
2266,650.233359960267
2267,1681.66105742456
2268,871.156442817109
2269,650.233359960267
2270,650.233359960267
2271,1490.76485959116
2272,1129.36826351065
2273,1073.47357687411
2274,650.233359960267
2275,888.534157649059
2276,650.233359960267
2277,917.518728436912
2278,1314.91862184449
2279,1306.71371244549
2280,650.233359960267
2281,650.233359960267
2282,650.233359960267
2283,1717.46275244567
2284,650.233359960267
2285,650.233359960267
2286,1524.17901049189
2287,1174.35983938294
2288,1196.8885064821
2289,819.357572940589
2290,650.233359960267
2291,1777.05982987781
2292,650.233359960267
2293,650.233359960267
2294,1110.81570005242
2295,1113.88706053042
2296,772.880353204816
2297,650.233359960267
2298,1701.23540854735
2299,997.233048434609
2300,650.233359960267
2301,650.233359960267
2302,1551.00232334928
2303,650.233359960267
2304,1130.85626838167
2305,722.998777934787
2306,650.233359960267
2307,650.233359960267
2308,1059.02603842114
2309,1198.17868935092
2310,1005.32795362108
2311,650.233359960267
2312,1039.24500531225
2313,1238.50822122571
2314,835.811100457821
2315,1866.97700955362
2316,928.129096920398
2317,650.233359960267
2318,1160.84012774846
2319,1446.01726410671
2320,650.233359960267
2321,1655.93661376423
2322,799.681228982168
2323,1370.81119874589
2324,1213.71035363426
2325,1194.17564056743
2326,1068.66347416753
2327,1002.33556959621
2328,1534.40656075404
2329,1702.96964398009
2330,650.233359960267
2331,1439.9152884319
2332,650.233359960267
2333,1278.32424590045
2334,1989.4181302547
2335,1058.85032948446
2336,650.233359960267
2337,1276.9184634737
2338,1600.60429697987
2339,1013.47181528407
2340,744.026937770598
2341,828.914991237435
2342,650.233359960267
2343,878.100618379144
2344,913.141690438928
2345,752.554129621934
2346,964.918528618796
2347,780.504938658171
2348,897.969902370656
2349,1198.29912641518
2350,1325.57099310843
2351,1039.11039313938
2352,934.368933226609
2353,1332.04557379617
2354,650.233359960267
2355,650.233359960267
2356,650.233359960267
2357,1581.56369089647
2358,997.864377697496
2359,650.233359960267
2360,745.347204376065
2361,1310.81751293536
2362,1514.46487827834
2363,1285.15753033219
2364,650.233359960267
2365,805.186079574653
2366,1089.01423937263
2367,831.955995840917
2368,1025.13795301706
2369,650.233359960267
2370,760.892585599117
2371,776.947051504782
2372,1106.09106957668
2373,732.125507026651
2374,1656.8920323206
2375,737.076998883877
2376,1528.76079500532
2377,936.056391777458
2378,1264.67829835049
2379,964.375021373884
2380,1143.68893000517
2381,1230.92939077131
2382,1301.79441927364
2383,942.09899041016
2384,986.061409201168
2385,827.887861297959
2386,804.028772027447
2387,1372.9769128367
2388,1700.64221831342
2389,1493.84634178949
2390,1195.15775028046
2391,1230.03986427212
2392,1179.25537983622
2393,819.13412205903
2394,650.233359960267
2395,1313.17640076534
2396,650.233359960267
2397,1175.45994778279
2398,1425.84757343544
2399,1234.92612620229
2400,1112.31653658038
2401,1040.45548450718
2402,650.233359960267
2403,1291.39776398914
2404,940.714615879789
2405,1393.0608284609
2406,650.233359960267
2407,1527.70800926662
2408,1282.9300403096
2409,1915.94862720949
2410,1282.82598435027
2411,1321.95054942686
2412,1520.98526279436
2413,1380.691587455
2414,826.969922024555
2415,1114.17722043521
2416,1306.87665198518
2417,650.233359960267
2418,767.107960056809
2419,650.233359960267
2420,1370.88223979091
2421,1223.88884532183
2422,1807.72711453556
2423,650.233359960267
2424,1693.41735451664
2425,893.215491714366
2426,1301.1578151184
2427,650.233359960267
2428,983.710062258595
2429,650.233359960267
2430,1419.52724748048
2431,1115.39140794084
2432,1330.8479040244
2433,1157.45769088952
2434,1539.03900861046
2435,650.233359960267
2436,729.294392666347
2437,1043.50889647211
2438,974.083360698792
2439,1542.04990955139
2440,1271.12134648585
2441,953.750794699148
2442,1441.00649055531
2443,815.408631366139
2444,1173.6289682843
2445,1675.36659523856
2446,1273.64486486596
2447,1967.17129147344
2448,1093.42656247205
2449,1405.80485037474
2450,1286.01337963069
2451,1236.55673875709
2452,1097.49532603205
2453,1248.82548828706
2454,650.233359960267
2455,650.233359960267
2456,650.233359960267
2457,1478.52369172136
2458,1578.57797240678
2459,650.233359960267
2460,650.233359960267
2461,650.233359960267
2462,1124.8306725142
2463,1008.22707041995
2464,836.305575247357
2465,903.596065573645
2466,814.930498608378
2467,650.233359960267
2468,1072.22532462173
2469,1345.46572912098
2470,1299.21819586248
2471,650.233359960267
2472,1361.13335629974
2473,1444.10021397569
2474,1110.79079703552
2475,650.233359960267
2476,1593.61600210949
2477,1170.63827138561
2478,1294.59349152689
2479,1245.67189598037
2480,650.233359960267
2481,804.066791250059
2482,895.497791056664
2483,1695.65679005532
2484,1002.81563029121
2485,1125.60837376953
2486,1139.98636413481
2487,650.233359960267
2488,934.386895170531
2489,650.233359960267
2490,650.233359960267
2491,1202.1101349602
2492,1208.47816216729
2493,1574.33949881821
2494,1716.1028834441
2495,763.172238011753
2496,1011.81273868068
2497,814.401053258374
2498,1596.60996828272
2499,794.285501312629
2500,650.233359960267
2501,650.233359960267
2502,650.233359960267
2503,1110.65306684843
2504,1708.12431835243
2505,1115.44383741932
2506,650.233359960267
2507,650.233359960267
2508,1165.52174184896
2509,1216.09102436418
2510,1295.81215108684
2511,1021.38479535629
2512,1468.00680710209
2513,650.233359960267
2514,650.233359960267
2515,1609.5097756567
2516,823.587914019854
2517,650.233359960267
2518,830.865639438564
2519,1746.004253244
2520,1053.85114136806
2521,839.597869743636
2522,650.233359960267
2523,804.390759727927
2524,1766.16278889833
2525,1654.11881889815
2526,777.271156660482
2527,1008.13592127352
2528,650.233359960267
2529,1243.8617507088
2530,2014.33653447494
2531,791.413166865361
2532,1170.24245463639
2533,1025.00599979164
2534,650.233359960267
2535,1551.14257205083
2536,1136.74451912161
2537,650.233359960267
2538,1214.29364844722
2539,845.341838104451
2540,650.233359960267
2541,1193.23591447943
2542,1178.73802344517
2543,1917.30164909313
2544,650.233359960267
2545,773.375061322263
2546,1076.69959570731
2547,1477.71802376857
2548,1603.38578804396
2549,1058.83237727577
2550,1212.71304407961
2551,1355.78573958611
2552,650.233359960267
2553,1528.99376315342
2554,1117.98041346462
2555,1095.18702922063
2556,1405.9677120559
2557,899.909347785125
2558,1510.81572969633
2559,2041.23699506632
2560,1022.16303502982
2561,1964.51701245152
2562,998.774514716533
2563,650.233359960267
2564,1379.8557668889
2565,650.233359960267
2566,972.4592853236
2567,650.233359960267
2568,650.233359960267
2569,1349.23223460642
2570,650.233359960267
2571,1386.51327783255
2572,1605.52135453744
2573,1076.44596205331
2574,1054.49270856038
2575,650.233359960267
2576,650.233359960267
2577,1304.45079595321
2578,945.150873782065
2579,1104.81396198786
2580,1298.22696806514
2581,1040.32858431408
2582,1306.73003917511
2583,887.697023687592
2584,650.233359960267
2585,1066.92528125746
2586,1021.41683668497
2587,853.698617390859
2588,933.136011381941
2589,1118.40756028004
2590,722.514527749124
2591,650.233359960267
2592,1276.63736251046
2593,1349.87834339503
2594,1244.55644773812
2595,1239.08791078136
2596,1129.33246842138
2597,1110.40491303918
2598,1398.25091665517
2599,926.081141063618
2600,1517.68573563731
2601,747.473980580028
2602,650.233359960267
2603,1049.14435680785
2604,1296.949631912
2605,992.126239289866
2606,650.233359960267
2607,1342.30805893525
2608,1016.15721379917
2609,1171.04435573955
2610,860.403638538755
2611,1165.65582944765
2612,1308.80315738049
2613,650.233359960267
2614,1182.35974072409
2615,1653.60792638168
2616,650.233359960267
2617,1078.87790947213
2618,1245.05645133643
2619,650.233359960267
2620,650.233359960267
2621,1563.02115807007
2622,1201.18847280052
2623,1494.69312951561
2624,650.233359960267
2625,1031.32216012811
2626,757.340202881892
2627,1249.44627287286
2628,650.233359960267
2629,990.006895742071
2630,748.391633526614
2631,1319.51621916424
2632,1363.09639995495
2633,877.842067886042
2634,1261.24445350511
2635,872.214251663535
2636,650.233359960267
2637,1338.73551636687
2638,876.859517337029
2639,1654.34561770272
2640,940.682037256618
2641,650.233359960267
2642,1016.00846395639
2643,650.233359960267
2644,1355.9381174625
2645,1272.33163990452
2646,1038.58158613634
2647,1149.87201819222
2648,650.233359960267
2649,1029.81510286323
2650,854.184643180085
2651,849.482351107898
2652,650.233359960267
2653,1072.27535424005
2654,650.233359960267
2655,901.144365384697
2656,742.427743086891
2657,1270.00086278892
2658,793.451871349022
2659,1482.29014228029
2660,650.233359960267
2661,1019.20232392528
2662,941.523497185612
2663,880.937675300005
2664,1239.65034620256
2665,1118.0289104723
2666,1480.86209227702
2667,1733.70082019936
2668,888.340297421156
2669,993.157695825069
2670,852.870989938018
2671,973.99321256296
2672,650.233359960267
2673,1208.23247583701
2674,751.032252817808
2675,1240.38114806187
2676,1044.82557788624
2677,1055.17442326917
2678,914.906901381504
2679,880.777663267925
2680,1307.46537331692
2681,1596.80122896743
2682,1537.40808271677
2683,650.233359960267
2684,650.233359960267
2685,1201.58818982024
2686,970.085665457256
2687,650.233359960267
2688,1472.15162816184
2689,1320.55351013152
2690,1678.43861749944
2691,1180.07430276983
2692,1142.23223876678
2693,1163.16539921924
2694,650.233359960267
2695,650.233359960267
2696,650.233359960267
2697,1679.2639547348
2698,1838.16690131096
2699,1443.05601272085
2700,650.233359960267
2701,866.848263025036
2702,1208.69609591464
2703,1593.48186890177
2704,890.871667364986
2705,1056.83469649523
2706,848.503794032989
2707,717.361749893659
2708,1425.69454675103
2709,1123.01732970135
2710,1466.04509428647
2711,861.674469902817
2712,650.233359960267
2713,650.233359960267
2714,1426.92842838123
2715,1278.21098900823
2716,1654.52822350565
2717,864.780807820687
2718,1030.12466874306
2719,650.233359960267
2720,973.133993360732
2721,650.233359960267
2722,1450.32600562064
2723,977.081792937034
2724,1267.74898978868
2725,935.86183235079
2726,902.511821225574
2727,650.233359960267
2728,1144.20885412604
2729,1032.029572449
2730,650.233359960267
2731,1192.59531210996
2732,1866.13312705013
2733,1112.85514677834
2734,650.233359960267
2735,1350.60513458561
2736,1279.04549672654
2737,1375.0086220335
2738,1428.75651572212
2739,1439.7780096045
2740,650.233359960267
2741,650.233359960267
2742,816.696571397015
2743,1249.60978045034
2744,650.233359960267
2745,650.233359960267
2746,650.233359960267
2747,701.78844277176
2748,809.381227201433
2749,650.233359960267
2750,1399.93813825912
2751,650.233359960267
2752,952.91833356536
2753,1365.70169854705
2754,650.233359960267
2755,907.661882366178
2756,723.580411456164
2757,650.233359960267
2758,1055.15265639374
2759,1205.69012955974
2760,650.233359960267
2761,1564.49803796605
2762,948.95245870639
2763,804.794234000909
2764,880.038433748214
2765,1058.36110947854
2766,650.233359960267
2767,1819.46294264128
2768,1394.75283006591
2769,1009.67616094472
2770,1256.65604351742
2771,1712.03789281122
2772,1253.56335744165
2773,1151.02287446616
2774,1153.34943016486
2775,1896.94833892845
2776,822.679824103944
2777,860.329365012329
2778,650.233359960267
2779,650.233359960267
2780,650.233359960267
2781,650.233359960267
2782,830.688448893853
2783,1447.07679262251
2784,933.375213050809
2785,1766.23288004971
2786,954.959888871292
2787,851.140290994495
2788,939.859738571605
2789,650.233359960267
2790,1378.11081868734
2791,1463.75623935805
2792,1928.85707505694
2793,1142.56077898069
2794,1458.94455860324
2795,812.303122307746
2796,1378.64966802989
2797,650.233359960267
2798,650.233359960267
2799,884.746641708222
2800,826.168295528572
2801,718.343222951964
2802,852.630103805687
2803,650.233359960267
2804,650.233359960267
2805,650.233359960267
2806,751.11710476267
2807,1095.13930908591
2808,817.394578945719
2809,1109.56076775469
2810,1501.66494938453
2811,857.122911351238
2812,931.381745045091
2813,650.233359960267
2814,650.233359960267
2815,1492.08645322371
2816,1238.1172319037
2817,650.233359960267
2818,1274.83294186773
2819,847.095339446394
2820,1314.61226070964
2821,928.470771281479
2822,987.959266109269
2823,1272.66886321175
2824,1314.46509934243
2825,942.747117575587
2826,860.566346021143
2827,650.233359960267
2828,1141.20984447463
2829,1449.59774518538
2830,650.233359960267
2831,650.233359960267
2832,811.180097830009
2833,1672.75279098876
2834,650.233359960267
2835,650.233359960267
2836,884.994452016855
2837,777.429628621433
2838,765.200336849442
2839,650.233359960267
2840,1471.35265709928
2841,1455.79968783004
2842,1115.38531247739
2843,1607.31555893582
2844,1188.86357905369
2845,893.085049271615
2846,650.233359960267
2847,650.233359960267
2848,650.233359960267
2849,1080.54747372323
2850,1375.27146647391
2851,1616.27400561686
2852,650.233359960267
2853,1477.55049460065
2854,809.812848706701
2855,838.27746202601
2856,650.233359960267
2857,650.233359960267
2858,1702.78608053919
2859,1266.85388638001
2860,722.896939661254
2861,650.233359960267
2862,650.233359960267
2863,703.338214405106
2864,897.298706895678
2865,1147.86757146008
2866,650.233359960267
2867,789.29551367839
2868,743.549721397959
2869,650.233359960267
2870,838.593402265752
2871,830.492658820501
2872,650.233359960267
2873,1144.61582702726
2874,1401.69186146312
2875,835.896030750854
2876,650.233359960267
2877,650.233359960267
2878,1962.01896103182
2879,1137.22393988544
2880,1372.7537950268
2881,2035.27176141572
2882,1383.67307560811
2883,1486.84353114038
2884,650.233359960267
2885,1412.03667029997
2886,747.899667002096
2887,792.842705220075
2888,889.991621529273
2889,650.233359960267
2890,2130.33576731293
2891,650.233359960267
2892,1148.39588742893
2893,1398.83622019314
2894,1030.05622099464
2895,1024.51742288817
2896,1220.53959752711
2897,1257.19509701629
2898,889.735463948732
2899,861.463157528708
2900,1689.75886589038
2901,1079.49155462766
2902,874.29513201885
2903,650.233359960267
2904,650.233359960267
2905,985.008586699969
2906,1253.71591428828
2907,650.233359960267
2908,650.233359960267
2909,650.233359960267
2910,1049.63142054335
2911,1810.36596414861
2912,807.107404977372
2913,960.299050539244
2914,814.757223541118
2915,650.233359960267
2916,650.233359960267
2917,1195.86604880195
2918,824.134980979944
2919,1046.13712066457
2920,650.233359960267
2921,1117.42299489907
2922,1019.72392706991
2923,650.233359960267
2924,1253.32179845795
2925,1440.28509291911
2926,888.011162003996
2927,915.619017393213
2928,1248.84218651405
2929,1470.3705660933
2930,1384.56105521311
2931,929.358171394071
2932,650.233359960267
2933,978.279968280867
2934,1237.17113355729
2935,1887.4632805548
2936,1611.27867628825
2937,1974.36314289181
2938,1275.73722494339
2939,888.077364700567
2940,650.233359960267
2941,1576.58106157863
2942,824.94789515385
2943,650.233359960267
2944,650.233359960267
2945,1050.9895066615
2946,1315.97278896245
2947,1630.04470145676
2948,1825.16934482836
2949,1380.60928563284
2950,1610.62654971417
2951,905.281791394668
2952,1158.60683580485
2953,996.609350497884
2954,1093.50883228666
2955,650.233359960267
2956,650.233359960267
2957,1399.07997847096
2958,1367.61109100939
2959,793.394003385064
2960,1534.87506444694
2961,861.669897808203
2962,882.723316406911
2963,650.233359960267
2964,1143.25140309483
2965,1148.17897557777
2966,770.131610857288
2967,1225.15949449679
2968,1226.28192015056
2969,1081.23721338568
2970,650.233359960267
2971,1023.37895282681
2972,650.233359960267
2973,1562.17128236153
2974,834.34803216172
2975,650.233359960267
2976,1466.31613579029
2977,1235.71690669937
2978,1106.92054928936
2979,1236.69327901174
2980,1034.10141304096
2981,1133.15728240912
2982,871.591099362824
2983,1337.14251861005
2984,1451.05062909299
2985,756.679919748092
2986,1285.01604010061
2987,1144.48495894303
2988,1181.50585976834
2989,877.309122671882
2990,852.298158543278
2991,975.037913285468
2992,1102.17016630832
2993,1403.62353357824
2994,1484.94674553844
2995,650.233359960267
2996,1071.29830094686
2997,955.051701641298
2998,1434.44731823865
2999,2093.67270618081
3000,900.932473412649
